{"cameraMode":{"drawMode":0,"name":"Shaded","section":"Shading Mode"},"sceneLighting":true,"audioPlay":false,"sceneViewState":{"m_AlwaysRefresh":false,"showFog":true,"showSkybox":false,"showFlares":true,"showImageEffects":true,"showParticleSystems":true,"showVisualEffectGraphs":true,"m_FxEnabled":true},"in2DMode":false,"pivot":{"x":0.08145976066589356,"y":1.4752388000488282,"z":-0.18425053358078004},"rotation":{"x":-0.14563512802124024,"y":-0.6000221371650696,"z":0.11177704483270645,"w":-0.7788146734237671},"size":1.5138336420059205,"orthographic":false}