{"cameraMode":{"drawMode":0,"name":"Shaded","section":"Shading Mode"},"sceneLighting":false,"audioPlay":false,"sceneViewState":{"m_AlwaysRefresh":false,"showFog":true,"showSkybox":false,"showFlares":true,"showImageEffects":true,"showParticleSystems":true,"showVisualEffectGraphs":true,"m_FxEnabled":true},"in2DMode":false,"pivot":{"x":-0.5582534074783325,"y":-0.23281177878379823,"z":1.0016791820526124},"rotation":{"x":0.1942177414894104,"y":-0.22721245884895326,"z":0.04628535732626915,"w":0.9531992077827454},"size":1.2083134651184083,"orthographic":false}